Security	NOUN	B-noun.state
increased	VERB	B-verb.change
in	ADP	O
Mumbai	PROPN	B-noun.location
amid	ADP	O
terror	NOUN	B-noun.state
threats	NOUN	I-noun.state
ahead	ADP	O
of	ADP	O
Ganeshotsav	PROPN	B-noun.person
:	PUNCT	O
police	NOUN	B-noun.group
URL	X	O

Magic	ADJ	O
Key	NOUN	B-noun.person
Security	NOUN	I-noun.person
Locksmiths	NOUN	I-noun.person
Save	ADJ	O
?	PUNCT	O
NUMBER	NUM	B-noun.attribute
on	ADP	O
all	DET	O
Booked	VERB	B-verb.cognition
Services	NOUN	B-noun.act
with	ADP	O
@USER	PROPN	B-noun.person
URL	X	O
@USER	PROPN	B-noun.person

#HNIC	PROPN	B-noun.person
#HNIC	PROPN	I-noun.person
Hamsik	PROPN	I-noun.person
vows	VERB	B-verb.communication
to	ADP	O
challenge	VERB	B-verb.communication
for	ADP	O
title	NOUN	B-noun.communication
with	ADP	O
Napoli	PROPN	B-noun.location
:	PUNCT	O
The	DET	O
Slovakia	PROPN	B-noun.group
international	NOUN	I-noun.group
was	VERB	B-verb.stative
in	ADP	O
...	PUNCT	O
URL	X	O
on	ADP	O
@USER	PROPN	B-noun.person

Is	VERB	B-verb.stative
your	DET	O
cat	NOUN	B-noun.animal
safe	ADJ	O
from	ADP	O
disease	NOUN	B-noun.state
just	ADV	O
because	CONJ	O
he	PRON	O
got	VERB	B-verb.possession
a	DET	O
vaccine	NOUN	B-noun.artifact
?	PUNCT	O
It	PRON	O
depends	VERB	B-verb.stative
.	PUNCT	O
Find	VERB	B-verb.possession
out	PART	O
why	ADV	O
URL	X	O

I	PRON	O
posted	VERB	B-verb.contact
a	DET	O
new	ADJ	O
photo	NOUN	B-noun.artifact
to	ADP	O
Facebook	PROPN	B-noun.person
URL	X	O

European	ADJ	O
Study	NOUN	B-noun.act
Finds	VERB	B-verb.possession
Megaupload	PROPN	B-noun.act
Closure	NOUN	I-noun.act
Helped	VERB	B-verb.social
Blockbusters	PROPN	B-noun.artifact
,	PUNCT	O
Hurt	VERB	B-verb.perception
Smaller	ADJ	O
Pics	NOUN	B-noun.communication
:	PUNCT	O
Researchers	NOUN	B-noun.person
from	ADP	O
the	DET	O
Munich	PROPN	B-noun.substance
Sc	NOUN	I-noun.substance
...	PUNCT	O
URL	X	O

NUMBER	NUM	B-noun.state
Challenge	NOUN	I-noun.state
:	PUNCT	O
Move	VERB	B-verb.motion
a	DET	O
Mile	NOUN	B-noun.quantity
a	DET	O
Day	NOUN	B-noun.time
#getmefit2	NOUN	B-noun.person
URL	X	O
URL	X	O

Messi	PROPN	B-noun.person
,	PUNCT	O
who	PRON	O
is	AUX	O
recovering	VERB	B-verb.possession
from	ADP	O
a	DET	O
thigh	NOUN	B-noun.state
muscle	NOUN	I-noun.state
injury	NOUN	I-noun.state
,	PUNCT	O
rejoins	VERB	B-verb.social
the	DET	O
group	NOUN	B-noun.Tops
on	ADP	O
training	NOUN	B-noun.act
today	NOUN	B-noun.time
URL	X	O

Whatever	ADV	O
your	DET	O
sexual	ADJ	O
fantasy	NOUN	B-noun.person
@USER	PROPN	I-noun.person
has	AUX	O
probably	ADV	O
written	VERB	B-verb.creation
about	ADP	O
it	PRON	O
URL	X	O
Check	VERB	B-verb.cognition
out	PART	O
his	DET	O
hot	ADJ	O
&	CONJ	O
sexy	ADJ	O
short	ADJ	O
stories	NOUN	B-noun.communication
.	PUNCT	O

@USER	PROPN	B-noun.person
Checkout	VERB	O
&	CONJ	O
Share	VERB	B-verb.stative
NEW	ADJ	O
Single	NOUN	B-noun.person
@USER	PROPN	I-noun.person
&	CONJ	O
@USER	PROPN	B-noun.person
-	PUNCT	O
Playtime	NOUN	B-noun.time
URL	X	O
#RipMucho	NOUN	B-noun.person
#DoIt4Mucho	NOUN	B-noun.person
#FreeKush	NOUN	B-noun.person

Are	VERB	B-verb.stative
you	PRON	O
on	ADP	O
Google+	PROPN	B-noun.person
?	PUNCT	O
If	ADP	O
you	PRON	O
are	VERB	B-verb.stative
,	PUNCT	O
make	VERB	B-verb.social
sure	ADJ	O
to	ADP	O
follow	VERB	B-verb.motion
@USER	PROPN	B-noun.person
!	PUNCT	O
URL	X	O

'	PUNCT	O
Manuelgross/management	PROPN	B-noun.person
'	PUNCT	O
news	NOUN	B-noun.communication
URL	X	O
-	PUNCT	O
top	ADJ	O
stories	NOUN	B-noun.communication
by	ADP	O
RLloria	PROPN	B-noun.person
,	PUNCT	O
AliciaPomares	PROPN	B-noun.person
,	PUNCT	O
manuelgross	PROPN	B-noun.person

omg	X	O
but	CONJ	O
stop	VERB	B-verb.motion
with	ADP	O
articles	NOUN	B-noun.communication
about	ADP	O
Lea	PROPN	B-noun.quantity
and	CONJ	O
her	PRON	O
love	NOUN	B-noun.feeling
for	ADP	O
Cory	PROPN	B-noun.person
it	PRON	O
hurts	VERB	B-verb.perception
:'(	X	O
and	CONJ	O
it's	VERB	O
not	ADV	O
a	DET	O
good	ADJ	O
source	NOUN	B-noun.location
...	PUNCT	O
URL	X	O

Why	ADV	O
barefoot	NOUN	B-noun.person
isn't	VERB	O
best	ADJ	O
for	ADP	O
most	DET	O
runners	NOUN	B-noun.person
URL	X	O

Target	NOUN	B-noun.communication
:	PUNCT	O
Tena	PROPN	B-noun.act
Money	NOUN	I-noun.act
Maker	NOUN	I-noun.act
Deal	NOUN	I-noun.act
!!	PUNCT	O
URL	X	O

Estate	NOUN	B-noun.state
agency	NOUN	I-noun.state
insolvencies	NOUN	I-noun.state
'	PUNCT	O
up	PART	O
NUMBER	NUM	B-noun.attribute
URL	X	O

White	ADJ	O
Paper	NOUN	B-noun.substance
:	PUNCT	O
How	ADV	O
to	ADP	O
Effectively	ADV	O
Integrate	VERB	B-verb.change
Social	ADJ	O
Media	NOUN	B-noun.communication
and	CONJ	O
Online	ADJ	O
Marketing	NOUN	B-noun.act
URL	X	O

Mild	ADJ	O
temperatures	NOUN	B-noun.attribute
and	CONJ	O
low	ADJ	O
rain	NOUN	B-noun.state
chances	NOUN	I-noun.state
are	VERB	B-verb.stative
on	ADP	O
tap	NOUN	B-noun.event
to	ADP	O
start	VERB	B-verb.change
the	DET	O
work	NOUN	B-noun.time
week	NOUN	I-noun.time
.	PUNCT	O
URL	X	O

Today	NOUN	B-noun.person
stats	NOUN	I-noun.person
:	PUNCT	O
NUMBER	NUM	B-noun.group
followers	NOUN	I-noun.group
,	PUNCT	O
No	DET	O
unfollowers	NOUN	B-noun.person
and	CONJ	O
followed	VERB	B-verb.motion
one	NUM	B-noun.Tops
person	NOUN	I-noun.Tops
via	ADP	O
URL	X	O

#BBATheChase	PROPN	B-noun.person
:	PUNCT	O
NUMBER	NUM	B-noun.person
housemates	NOUN	I-noun.person
we	PRON	O
loved	VERB	B-verb.emotion
this	DET	O
year	NOUN	B-noun.time
URL	X	O

#Cinetainment	NOUN	B-noun.person
:	PUNCT	O
#Warning	NOUN	B-noun.person
is	VERB	B-verb.stative
an	DET	O
upcoming	ADJ	O
Thriller	NOUN	B-noun.communication
NUMBER	NUM	I-noun.communication
film	NOUN	I-noun.communication
directed	VERB	B-verb.communication
by	ADP	O
#Gurmmeet	PROPN	B-noun.person
Singh	PROPN	I-noun.person
.	PUNCT	O
The	DET	O
film	NOUN	B-noun.communication
features	VERB	B-verb.stative
...	PUNCT	O
URL	X	O

Do	AUX	O
you	PRON	O
know	VERB	B-verb.cognition
Benjamin	PROPN	B-noun.event
Sir	PROPN	I-noun.event
twitter	NOUN	I-noun.event
or	CONJ	O
insta	NOUN	B-noun.person
?	PUNCT	O
?	PUNCT	O
Nope	X	O
,	PUNCT	O
sorry	X	O
(:	X	O
HEY	X	O
WHAT	DET	O
LAO	X	O
EH	X	O
!	PUNCT	O
I	PRON	O
NOT	ADV	O
SOME	DET	O
PHONE	NOUN	B-noun.communication
BOOK	NOUN	I-noun.communication
OR	CONJ	O
FACEBOOK	PROPN	B-noun.person
O	X	O
...	PUNCT	O
URL	X	O

The	DET	O
event	NOUN	B-noun.Tops
with	ADP	O
Philip	PROPN	B-noun.artifact
Pullman	PROPN	I-noun.artifact
and	CONJ	O
@USER	PROPN	B-noun.person
in	ADP	O
Oxford	PROPN	B-noun.location
last	ADJ	O
week	NOUN	B-noun.time
was	VERB	B-verb.stative
magical	ADJ	O
.	PUNCT	O
Listen	VERB	B-verb.perception
to	ADP	O
the	DET	O
hour-long	ADJ	O
podcast	NOUN	B-noun.person
here	ADV	O
:	PUNCT	O
URL	X	O

(	PUNCT	O
K-Dawg	PROPN	B-noun.person
)	PUNCT	O
I	PRON	O
can	AUX	O
cook	VERB	B-verb.creation
,	PUNCT	O
bit	CONJ	O
i	PRON	O
CAN'T	AUX	O
operate	VERB	B-verb.social
the	DET	O
dishwasher	NOUN	B-noun.artifact
...	PUNCT	O
guess	VERB	B-verb.cognition
this	PRON	O
leaves	VERB	B-verb.motion
me	PRON	O
out	PART	O
!	PUNCT	O
LOL	X	O
A	DET	O
handful	DET	O
of	ADP	O
YouTube	PROPN	B-noun.person
...	PUNCT	O
URL	X	O

Today	ADV	O
stats	NOUN	B-noun.person
:	PUNCT	O
NUMBER	NUM	B-noun.group
followers	NOUN	I-noun.group
,	PUNCT	O
One	NUM	B-noun.person
unfollower	NOUN	I-noun.person
and	CONJ	O
followed	VERB	B-verb.motion
NUMBER	NUM	B-noun.group
people	NOUN	I-noun.group
via	ADP	O
URL	X	O

Relatively	ADV	O
Satisfied	ADJ	O
Customers	NOUN	B-noun.person
:	PUNCT	O
Dilbert	PROPN	B-noun.person
URL	X	O
#CartoonsandPictures	NOUN	B-noun.person
#UserExperience	NOUN	B-noun.person

Why	ADV	O
not	ADV	O
start	VERB	B-verb.change
the	DET	O
week	NOUN	B-noun.time
out	PART	O
by	ADP	O
getting	VERB	B-verb.possession
depressed	ADJ	O
?	PUNCT	O
According	VERB	B-verb.stative
to	ADP	O
Jill	PROPN	B-noun.person
Konrath	PROPN	I-noun.person
,	PUNCT	O
?	PUNCT	O
when	ADV	O
people	NOUN	B-noun.group
try	VERB	B-verb.social
to	ADP	O
do	VERB	B-verb.social
two	NUM	B-noun.quantity
...	PUNCT	O
URL	X	O

Venice	PROPN	B-noun.time
Festival	NOUN	I-noun.time
Offers	VERB	B-verb.possession
Bold	ADJ	O
Mix	NOUN	B-noun.food
:	PUNCT	O
As	ADV	O
the	DET	O
Venice	PROPN	B-noun.time
Film	NOUN	I-noun.time
Festival	NOUN	I-noun.time
celebrates	VERB	B-verb.social
its	DET	O
NUMBER	NUM	B-noun.time
year	NOUN	I-noun.time
,	PUNCT	O
its	DET	O
lineup	NOUN	B-noun.communication
looks	VERB	B-verb.perception
to	ADP	O
the	DET	O
...	PUNCT	O
URL	X	O

@USER	PROPN	B-noun.person
:	PUNCT	O
Follow	VERB	B-verb.motion
@USER	PROPN	B-noun.person
and	CONJ	O
this	DET	O
tweet	NOUN	B-noun.event
to	ADP	O
win	VERB	B-verb.competition
this	DET	O
@USER	PROPN	B-noun.person
watch	VERB	B-verb.perception
worth	ADJ	O
?	PUNCT	O
NUMBER	NUM	B-noun.attribute
!	PUNCT	O
URL	X	O
URL	X	O

#Syria's	PROPN	B-noun.person
#Assad	PROPN	I-noun.person
dismisses	VERB	B-verb.communication
chemical	ADJ	O
weapon	NOUN	B-noun.act
use	NOUN	I-noun.act
as	ADP	O
politically	ADV	O
motivated	VERB	B-verb.creation
-	PUNCT	O
The	DET	O
Star	NOUN	B-noun.object
Online	NOUN	B-noun.person
URL	X	O

Baseball	NOUN	B-noun.act
has	VERB	B-verb.possession
the	DET	O
great	ADJ	O
advantage	NOUN	B-noun.attribute
over	ADP	O
cricket	NOUN	B-noun.animal
of	ADP	O
being	AUX	O
sooner	ADV	O
ended	VERB	B-verb.stative
-	PUNCT	O
George	PROPN	B-noun.person
Bernard	PROPN	B-noun.person
Shaw	PROPN	B-noun.person
URL	X	O
#Quotes	NOUN	B-noun.person

Were	AUX	O
ordered	VERB	B-verb.communication
to	ADP	O
chant	VERB	B-verb.communication
praise	NOUN	B-noun.communication
of	ADP	O
Narendra	PROPN	B-noun.person
Modi	PROPN	I-noun.person
,	PUNCT	O
say	VERB	B-verb.communication
Pune	PROPN	B-noun.person
film	NOUN	I-noun.person
students	NOUN	I-noun.person
after	ADP	O
clash	NOUN	B-noun.event
URL	X	O

Zombie	NOUN	B-noun.communication
News	NOUN	I-noun.communication
:	PUNCT	O
Sneak	NOUN	B-noun.act
Peek	NOUN	I-noun.act
of	ADP	O
The	DET	O
Walking	NOUN	B-noun.quantity
Dead	NOUN	I-noun.quantity
Season	NOUN	I-noun.quantity
4	NUM	I-noun.quantity
Right	ADV	O
Here	ADV	O
!	PUNCT	O
URL	X	O

WMAL	X	O
EXCLUSIVE	ADJ	O
:	PUNCT	O
Panhandling	NOUN	B-noun.communication
Ban	NOUN	I-noun.communication
Causes	VERB	B-verb.creation
Loudoun	PROPN	B-noun.person
Firefighters	NOUN	I-noun.person
'	PUNCT	O
"	PUNCT	O
Fill	VERB	B-verb.change
The	DET	O
Boot	NOUN	B-noun.artifact
"	PUNCT	O
Donations	NOUN	B-noun.possession
To	ADP	O
Dwindle	VERB	B-verb.change
URL	X	O

Today	ADV	O
stats	NOUN	B-noun.person
:	PUNCT	O
One	NUM	B-noun.person
follower	NOUN	I-noun.person
,	PUNCT	O
2	NUM	B-noun.person
unfollowers	NOUN	I-noun.person
via	ADP	O
URL	X	O

For	ADP	O
your	DET	O
Leadership	NOUN	B-noun.artifact
Toolbox	NOUN	I-noun.artifact
:	PUNCT	O
Evernote	PROPN	B-noun.person
?	PUNCT	O
A	DET	O
Multi-Platform	ADJ	O
Way	NOUN	B-noun.attribute
to	ADP	O
Stay	VERB	B-verb.change
Organized	ADJ	O
and	CONJ	O
More	ADV	O
(	PUNCT	O
@USER	PROPN	B-noun.person
)	PUNCT	O
|	PUNCT	O
URL	X	O

Watch	VERB	B-verb.perception
Aaron	PROPN	B-noun.artifact
Paul's	PROPN	I-noun.artifact
Audition	NOUN	I-noun.artifact
Tape	NOUN	I-noun.artifact
For	ADP	O
Breaking	NOUN	B-noun.act
Bad	NOUN	B-noun.attribute
URL	X	O

@USER	PROPN	B-noun.person
:	PUNCT	O
Fancams	NOUN	B-noun.person
:	PUNCT	O
G-Dragon	PROPN	B-noun.person
and	CONJ	O
Missy	PROPN	B-noun.person
Elliott	PROPN	I-noun.person
perform	VERB	B-verb.creation
"	PUNCT	O
Niliria	PROPN	B-noun.person
"	PUNCT	O
@USER	PROPN	B-noun.person
KCON	PROPN	B-noun.person
URL	X	O

Sihuan	PROPN	B-noun.artifact
Pharmaceutical	NOUN	I-noun.artifact
Announces	VERB	B-verb.communication
NUMBER	NUM	B-noun.attribute
Interim	ADJ	O
Results	NOUN	B-noun.phenomenon
URL	X	O

Howard	PROPN	B-noun.person
:	PUNCT	O
Baines	PROPN	B-noun.person
and	CONJ	O
Fellaini	PROPN	B-noun.person
not	ADV	O
fazed	VERB	B-verb.emotion
by	ADP	O
bid	NOUN	B-noun.communication
URL	X	O

Today	NOUN	B-noun.person
stats	NOUN	I-noun.person
:	PUNCT	O
2	NUM	B-noun.group
followers	NOUN	I-noun.group
,	PUNCT	O
2	NUM	B-noun.person
unfollowers	NOUN	I-noun.person
and	CONJ	O
followed	VERB	B-verb.motion
NUMBER	NUM	B-noun.group
people	NOUN	I-noun.group
via	ADP	O
URL	X	O

No	DET	O
#usopen	PROPN	B-noun.communication
credential	NOUN	I-noun.communication
for	ADP	O
Tomic's	PROPN	B-noun.person
dad	NOUN	I-noun.person
:	PUNCT	O
"	PUNCT	O
Our	DET	O
desire	NOUN	B-noun.feeling
is	VERB	B-verb.stative
to	ADP	O
make	VERB	B-verb.social
it	PRON	O
as	ADP	O
difficult	ADJ	O
as	ADP	O
possible	ADJ	O
for	ADP	O
him	PRON	O
to	ADP	O
gain	VERB	B-verb.possession
entry	NOUN	B-noun.communication
"	PUNCT	O
URL	X	O

Senior	ADJ	O
Accountant/Financial	NOUN	B-noun.person
controller(ACCA	NOUN	I-noun.person
)	PUNCT	O
-	PUNCT	O
#Qatar	PROPN	B-noun.person
#Jobs	NOUN	B-noun.person
URL	X	O

We've	AUX	O
been	AUX	O
waiting	VERB	B-verb.stative
for	ADP	O
you	PRON	O
.	PUNCT	O
.	PUNCT	O
.	PUNCT	O
Memo	NOUN	B-noun.communication
to	ADP	O
CEOs	NOUN	B-noun.person
:	PUNCT	O
Go	VERB	B-verb.motion
Social	ADJ	O
or	CONJ	O
Go	VERB	B-verb.motion
Home	NOUN	B-noun.location
|	PUNCT	O
LinkedIn	PROPN	B-noun.person
URL	X	O
#CEO	NOUN	B-noun.person
#leadership	NOUN	B-noun.person
#management	NOUN	B-noun.person
#SoMe	NOUN	B-noun.person

#HNIC	PROPN	B-noun.person
#HNIC	PROPN	I-noun.person
Xavi	PROPN	I-noun.person
:	PUNCT	O
La	PROPN	B-noun.person
Liga	PROPN	I-noun.person
not	ADV	O
a	DET	O
two-horse	NOUN	B-noun.event
race	NOUN	I-noun.event
:	PUNCT	O
The	DET	O
NUMBER	NUM	B-noun.attribute
feels	VERB	B-verb.emotion
that	ADP	O
Malaga	PROPN	B-noun.location
showed	VERB	B-verb.perception
...	PUNCT	O
URL	X	O
on	ADP	O
@USER	PROPN	B-noun.person

CRED	PROPN	B-noun.cognition
Communications	PROPN	I-noun.cognition
and	CONJ	O
PRecious	PROPN	B-noun.cognition
Communications	PROPN	I-noun.cognition
embark	VERB	B-verb.motion
on	ADP	O
strategic	ADJ	O
partnership	NOUN	B-noun.communication
URL	X	O
via	ADP	O
@USER	PROPN	B-noun.person

WATCH	VERB	B-verb.perception
:	PUNCT	O
Surviving	ADJ	O
Panda	NOUN	B-noun.person
Cub	NOUN	I-noun.person
At	ADP	O
National	ADJ	O
Zoo	NOUN	B-noun.artifact
Appears	VERB	B-verb.perception
Healthy	ADJ	O
,	PUNCT	O
Vibrant	ADJ	O
URL	X	O

URL	X	O
Several	DET	O
months	NOUN	B-noun.time
in	ADP	O
Portugal	PROPN	B-noun.location
,	PUNCT	O
still	ADV	O
don't	AUX	O
understand	VERB	B-verb.cognition
Portuguese	NOUN	B-noun.communication

#VIEW	NOUN	B-noun.person
-NOW	ADV	O
--->	X	O
@USER	PROPN	B-noun.person
?	PUNCT	O
Over	ADP	O
?	PUNCT	O
Dir	NOUN	B-noun.person
by	ADP	O
@USER	PROPN	B-noun.person
x	X	O
@USER	PROPN	B-noun.person
(	PUNCT	O
Music	NOUN	B-noun.communication
Video	NOUN	I-noun.communication
)	PUNCT	O
|	PUNCT	O
trappedoutseries	NOUN	B-noun.person
:	PUNCT	O
URL	X	O

Today	NOUN	B-noun.person
stats	NOUN	I-noun.person
:	PUNCT	O
One	NUM	B-noun.person
follower	NOUN	I-noun.person
,	PUNCT	O
No	DET	O
unfollowers	NOUN	B-noun.person
and	CONJ	O
followed	VERB	B-verb.motion
one	NUM	B-noun.Tops
person	NOUN	I-noun.Tops
via	ADP	O
URL	X	O

Man	NOUN	B-noun.person
arrested	VERB	B-verb.contact
after	ADP	O
farm	NOUN	B-noun.artifact
road	NOUN	B-noun.artifact
crash	NOUN	B-noun.event
URL	X	O

I	PRON	O
posted	VERB	B-verb.contact
a	DET	O
new	ADJ	O
photo	NOUN	B-noun.artifact
to	ADP	O
Facebook	PROPN	B-noun.person
URL	X	O

Today	NOUN	B-noun.person
stats	NOUN	I-noun.person
:	PUNCT	O
One	NUM	B-noun.person
follower	NOUN	I-noun.person
,	PUNCT	O
One	NUM	B-noun.person
unfollower	NOUN	I-noun.person
and	CONJ	O
followed	VERB	B-verb.motion
2	NUM	B-noun.group
people	NOUN	I-noun.group
via	ADP	O
URL	X	O

I	PRON	O
liked	VERB	B-verb.emotion
a	DET	O
@USER	PROPN	B-noun.attribute
video	NOUN	I-noun.attribute
URL	NOUN	I-noun.attribute
Cubase	PROPN	I-noun.attribute
NUMBER	NUM	I-noun.attribute
Patch	NOUN	I-noun.attribute
and	CONJ	O
Crack	PROPN	B-noun.object
Team	PROPN	B-noun.group
Air	PROPN	B-noun.substance

Sep	NOUN	B-noun.attribute
NUMBER	NUM	I-noun.attribute
(	PUNCT	O
Fri	NOUN	B-noun.time
)	PUNCT	O
DreamYard's	PROPN	B-noun.person
Annual	ADJ	O
Movie	NOUN	B-noun.communication
Night	NOUN	B-noun.time
URL	X	O

@USER	PROPN	B-noun.person
Presents	VERB	B-verb.perception
The	DET	O
Aurora	PROPN	B-noun.person
Soul	PROPN	I-noun.person
Sessions	PROPN	I-noun.person
Showcase	PROPN	I-noun.person
@USER	PROPN	I-noun.person
|	PUNCT	O
Details	NOUN	B-noun.communication
@USER	PROPN	B-noun.person
URL	X	O

@USER	PROPN	B-noun.person
Barry	PROPN	I-noun.person
Sergeant's	PROPN	I-noun.person
The	DET	O
Assault	NOUN	B-noun.act
on	ADP	O
the	DET	O
Rand	PROPN	B-noun.quantity
Launched	VERB	B-verb.social
with	ADP	O
Kevin	PROPN	B-noun.person
Wakeford	PROPN	I-noun.person
and	CONJ	O
Susan	PROPN	B-noun.person
Comrie	PROPN	B-noun.person
URL	X	O

Note	NOUN	B-noun.communication
to	ADP	O
Correspondents	NOUN	B-noun.person
on	ADP	O
the	DET	O
UN	PROPN	B-noun.group
Chemical	ADJ	O
Weapons	NOUN	B-noun.group
Investigation	NOUN	I-noun.group
Team	NOUN	I-noun.group
in	ADP	O
Damascus	PROPN	B-noun.location
URL	X	O

Safety	NOUN	B-noun.state
Drives	VERB	B-verb.motion
Robot	NOUN	B-noun.act
Adoption	NOUN	I-noun.act
in	ADP	O
Warehouses	NOUN	B-noun.artifact
and	CONJ	O
Distributions	PROPN	B-noun.location
Centers	PROPN	I-noun.location
According	VERB	B-verb.stative
to	ADP	O
TR	PROPN	B-noun.person
Cutler	PROPN	B-noun.person
URL	X	O

The	DET	O
Western	ADJ	O
fence	NOUN	B-noun.animal
lizard	NOUN	I-noun.animal
has	VERB	B-verb.possession
a	DET	O
protein	NOUN	B-noun.substance
in	ADP	O
its	DET	O
blood	NOUN	B-noun.body
that	DET	O
kills	VERB	B-verb.contact
the	DET	O
bacterium	NOUN	B-noun.animal
responsible	ADJ	O
for	ADP	O
Lyme	PROPN	B-noun.state
disease	NOUN	I-noun.state
:	PUNCT	O
What	DET	O
...	PUNCT	O
URL	X	O

Venice	PROPN	B-noun.time
Festival	NOUN	I-noun.time
Offers	VERB	B-verb.possession
Bold	ADJ	O
Mix	NOUN	B-noun.food
:	PUNCT	O
As	ADP	O
the	DET	O
Venice	PROPN	B-noun.time
Film	NOUN	I-noun.time
Festival	NOUN	I-noun.time
celebrates	VERB	B-verb.social
its	DET	O
NUMBER	NUM	B-noun.time
year	NOUN	I-noun.time
,	PUNCT	O
its	DET	O
lineup	NOUN	B-noun.communication
looks	VERB	B-verb.perception
to	ADP	O
the	DET	O
...	PUNCT	O
URL	X	O

One	DET	O
of	ADP	O
my	DET	O
favorite	ADJ	O
coaches	NOUN	B-noun.person
&	CONJ	O
leaders	NOUN	B-noun.group
of	ADP	O
ALL-Time	NOUN	B-noun.person
is	VERB	B-verb.stative
John	PROPN	B-noun.person
Wooden	PROPN	I-noun.person
.	PUNCT	O
And	CONJ	O
one	DET	O
of	ADP	O
my	DET	O
favorite	ADJ	O
books	NOUN	B-noun.communication
is	VERB	B-verb.stative
his	DET	O
"	PUNCT	O
Pyramid	NOUN	B-noun.shape
of	ADP	O
...	PUNCT	O
URL	X	O

@USER	PROPN	B-noun.person
:	PUNCT	O
Day	NOUN	B-noun.time
after	ADP	O
giant	ADJ	O
panda	NOUN	B-noun.animal
gave	VERB	B-verb.possession
birth	NOUN	B-noun.time
to	ADP	O
a	DET	O
live	ADJ	O
cub	NOUN	B-noun.person
,	PUNCT	O
she	PRON	O
delivered	VERB	B-verb.communication
a	DET	O
stillborn	NOUN	B-noun.person
:	PUNCT	O
URL	X	O

ABRSM	PROPN	B-noun.person
Scale	VERB	B-verb.stative
Practice	NOUN	B-noun.communication
Charts	NOUN	I-noun.communication
for	ADP	O
Piano	NOUN	B-noun.attribute
Grades	NOUN	I-noun.attribute
NUMBER	NUM	I-noun.attribute
to	ADP	O
4	NUM	B-noun.quantity
URL	X	O

Nissan	PROPN	B-noun.person
Terrano	PROPN	I-noun.person
:	PUNCT	O
next-gen	ADJ	O
compact	ADJ	O
SUV	NOUN	B-noun.artifact
not	ADV	O
for	ADP	O
Oz	PROPN	B-noun.person
URL	X	O

Today	ADV	O
stats	NOUN	B-noun.person
:	PUNCT	O
NUMBER	NUM	B-noun.group
followers	NOUN	I-noun.group
,	PUNCT	O
NUMBER	NUM	B-noun.person
unfollowers	NOUN	I-noun.person
via	ADP	O
URL	X	O

Venice	PROPN	B-noun.time
Festival	NOUN	I-noun.time
Offers	VERB	B-verb.possession
Bold	ADJ	O
Mix	NOUN	B-noun.food
:	PUNCT	O
As	ADP	O
the	DET	O
Venice	PROPN	B-noun.time
Film	NOUN	I-noun.time
Festival	NOUN	I-noun.time
celebrates	VERB	B-verb.social
its	DET	O
NUMBER	NUM	B-noun.time
year	NOUN	I-noun.time
,	PUNCT	O
its	DET	O
lineup	NOUN	B-noun.communication
looks	VERB	B-verb.perception
to	ADP	O
the	DET	O
...	PUNCT	O
URL	X	O

I	PRON	O
posted	VERB	B-verb.contact
a	DET	O
new	ADJ	O
photo	NOUN	B-noun.artifact
to	ADP	O
Facebook	PROPN	B-noun.person
URL	X	O

The	DET	O
night	NOUN	B-noun.time
that	PRON	O
Jam	PROPN	B-noun.body
Master	PROPN	I-noun.body
Jay's	PROPN	I-noun.body
hand	NOUN	I-noun.body
slipped	VERB	B-verb.motion
!	PUNCT	O
Analysis	NOUN	B-noun.act
by	ADP	O
Cosmo	PROPN	B-noun.person
Baker	PROPN	I-noun.person
:	PUNCT	O
URL	X	O

@USER	PROPN	B-noun.person
:	PUNCT	O
AgriNews	PROPN	B-noun.person
:	PUNCT	O
#Vilsack	PROPN	B-noun.person
#US	PROPN	I-noun.person
will	AUX	O
stop	VERB	B-verb.motion
#cotton	NOUN	B-noun.possession
payments	NOUN	I-noun.possession
to	ADP	O
#Brazil	PROPN	B-noun.communication
URL	X	O
via	ADP	O
@USER	PROPN	B-noun.person
#trade	NOUN	B-noun.person
#WTO	PROPN	B-noun.person

@USER	PROPN	B-noun.person
:	PUNCT	O
Seamless	ADJ	O
wirefee	ADJ	O
Leisure	NOUN	B-noun.person
#bra	NOUN	I-noun.person
Read	VERB	B-verb.cognition
more	ADJ	O
:	PUNCT	O
URL	X	O
URL	X	O

Remembering	VERB	B-verb.cognition
:	PUNCT	O
very	ADV	O
kinky	ADJ	O
Karlie	PROPN	B-noun.person
Kloss	PROPN	I-noun.person
shot	VERB	B-verb.competition
by	ADP	O
Greg	PROPN	B-noun.person
Kadel	PROPN	I-noun.person
for	ADP	O
Num	NOUN	B-noun.person
?	PUNCT	O
ro	X	O
Russia's	PROPN	B-noun.cognition
October	PROPN	I-noun.cognition
NUMBER	NUM	I-noun.cognition
issue	NOUN	I-noun.cognition
.	PUNCT	O
#Karlie	PROPN	B-noun.person
#Kloss	PROPN	I-noun.person
...	PUNCT	O
URL	X	O

#Syria's	PROPN	B-noun.person
#Assad	PROPN	I-noun.person
reportedly	ADV	O
denies	VERB	B-verb.communication
use	NOUN	B-noun.act
of	ADP	O
chemical	ADJ	O
weapons	NOUN	B-noun.artifact
-	PUNCT	O
Los	PROPN	B-noun.person
Angeles	PROPN	B-noun.person
Times	PROPN	B-noun.time
URL	X	O

On	ADP	O
more	ADJ	O
time	NOUN	B-noun.event
.	PUNCT	O
Why	ADV	O
should	AUX	O
I	PRON	O
switch	VERB	B-verb.change
to	ADP	O
Software	NOUN	B-noun.communication
as	ADP	O
a	DET	O
Service	NOUN	B-noun.act
,	PUNCT	O
anyway	ADV	O
?	PUNCT	O
URL	X	O
#IBM	PROPN	B-noun.person
#IBMCloud	PROPN	B-noun.person
#SaaS	PROPN	B-noun.person
#Cloud	NOUN	B-noun.person

Signs	NOUN	B-noun.communication
that	DET	O
you	PRON	O
have	VERB	B-verb.possession
cancer	NOUN	B-noun.state
:	PUNCT	O
early	ADJ	O
detection	NOUN	B-noun.cognition
is	VERB	B-verb.stative
key	NOUN	B-noun.artifact
,	PUNCT	O
this	PRON	O
could	AUX	O
save	VERB	B-verb.social
your	DET	O
life	NOUN	B-noun.state
.	PUNCT	O
URL	X	O

#HNIC	PROPN	B-noun.person
#HNIC	PROPN	I-noun.person
Rodgers	PROPN	I-noun.person
:	PUNCT	O
England	PROPN	B-noun.location
are	VERB	B-verb.stative
lucky	ADJ	O
to	ADP	O
have	VERB	B-verb.possession
Sturridge	PROPN	B-noun.person
:	PUNCT	O
The	DET	O
NUMBER	NUM	B-noun.attribute
has	AUX	O
scored	VERB	B-verb.competition
winning	ADV	O
...	PUNCT	O
URL	X	O
on	ADP	O
@USER	PROPN	B-noun.person

@USER	PROPN	B-noun.person
:	PUNCT	O
VT	PROPN	B-noun.location
is	AUX	O
starting	VERB	B-verb.change
a	DET	O
true	ADJ	O
FR	PROPN	B-noun.person
Jonathan	PROPN	I-noun.person
McLaughlin	PROPN	I-noun.person
at	ADP	O
LT	PROPN	B-noun.person
against	ADP	O
Saban's	PROPN	B-noun.substance
D	NOUN	I-noun.substance
.	PUNCT	O
Good	ADJ	O
luck	NOUN	B-noun.person
#Hokies	PROPN	I-noun.person
:	PUNCT	O
URL	X	O
#Bama	PROPN	B-noun.person

TEEN	PROPN	B-noun.location
TOP	PROPN	I-noun.location
make	VERB	B-verb.social
a	DET	O
performances	NOUN	B-noun.communication
"	PUNCT	O
ROCKING	VERB	B-verb.motion
"	PUNCT	O
at	ADP	O
Concert	NOUN	B-noun.attribute
KCON	PROPN	I-noun.attribute
NUMBER	NUM	I-noun.attribute
in	ADP	O
L.A	PROPN	B-noun.person
URL	X	O

Is	VERB	B-verb.stative
the	DET	O
rumor	NOUN	B-noun.communication
regarding	ADP	O
TTS	PROPN	B-noun.time
english	ADJ	O
album	NOUN	B-noun.communication
leggit	ADJ	O
?	PUNCT	O
?	PUNCT	O
Since	ADP	O
the	DET	O
info	NOUN	B-noun.communication
are	VERB	B-verb.stative
from	ADP	O
SSF	PROPN	B-noun.person
,	PUNCT	O
I	PRON	O
guess	VERB	B-verb.cognition
it	PRON	O
is	VERB	B-verb.stative
URL	X	O

European	ADJ	O
Study	NOUN	B-noun.act
Finds	VERB	B-verb.possession
Megaupload	PROPN	B-noun.act
Closure	NOUN	I-noun.act
Helped	VERB	B-verb.social
Blockbusters	PROPN	B-noun.artifact
,	PUNCT	O
Hurt	VERB	B-verb.perception
Smaller	ADJ	O
Pics	NOUN	B-noun.communication
:	PUNCT	O
Researchers	NOUN	B-noun.person
from	ADP	O
the	DET	O
Munich	PROPN	B-noun.location
Sc	X	O
...	PUNCT	O
URL	X	O

Good	ADJ	O
Monday	NOUN	B-noun.time
morning	NOUN	I-noun.time
:)	X	O
Here	ADV	O
are	VERB	B-verb.stative
a	DET	O
million	NUM	B-noun.quantity
beautiful	ADJ	O
WWI	PROPN	B-noun.artifact
photos	NOUN	I-noun.artifact
,	PUNCT	O
just	ADV	O
for	ADP	O
you	PRON	O
URL	X	O
@USER	PROPN	B-noun.person

[	PUNCT	O
PHOTOS	NOUN	B-noun.artifact
]	PUNCT	O
SwizzBeatz	PROPN	B-noun.person
Praises	VERB	B-verb.communication
Femi	PROPN	B-noun.person
Kuti	PROPN	I-noun.person
?	PUNCT	O
s	NOUN	B-noun.communication
Album	NOUN	I-noun.communication
Via	ADP	O
Instagram	PROPN	B-noun.person
URL	X	O

I	PRON	O
DON	AUX	O
?	PUNCT	O
T	AUX	O
GET	VERB	B-verb.possession
CELEBRITITES	NOUN	B-noun.person
,	PUNCT	O
THEY	PRON	O
HAVE	VERB	B-verb.possession
SO	ADV	O
MUCH	ADJ	O
MONEY	NOUN	B-noun.possession
AND	CONJ	O
YET	ADV	O
THEY	PRON	O
WEAR	VERB	B-verb.body
LIKE	X	O
THE	DET	O
UGLIEST	ADJ	O
AND	CONJ	O
STUPIDEST	ADJ	O
OUTFITS	NOUN	B-noun.group
...	PUNCT	O
URL	X	O

Venice	PROPN	B-noun.time
Festival	NOUN	I-noun.time
Offers	VERB	B-verb.possession
Bold	ADJ	O
Mix	NOUN	B-noun.food
:	PUNCT	O
As	ADV	O
the	DET	O
Venice	PROPN	B-noun.time
Film	NOUN	I-noun.time
Festival	NOUN	I-noun.time
celebrates	VERB	B-verb.social
its	DET	O
NUMBER	NUM	B-noun.time
year	NOUN	I-noun.time
,	PUNCT	O
its	DET	O
lineup	NOUN	B-noun.communication
looks	VERB	B-verb.perception
to	ADP	O
the	DET	O
...	PUNCT	O
URL	X	O

On	ADP	O
this	DET	O
date	NOUN	B-noun.time
in	ADP	O
WWF	X	O
history	NOUN	B-noun.time
:	PUNCT	O
Bret	PROPN	B-noun.person
Hart	PROPN	I-noun.person
vs	X	O
Mr.	PROPN	B-noun.relation
Perfect	PROPN	I-noun.relation
for	ADP	O
the	DET	O
Intercontinental	ADJ	O
title	NOUN	B-noun.communication
at	ADP	O
SummerSlam	PROPN	B-noun.person
NUMBER	NUM	B-noun.attribute
URL	X	O

URGENT	ADJ	O
:	PUNCT	O
#Damascus	PROPN	B-noun.person
,	PUNCT	O
NUMBER	NUM	B-noun.attribute
:	PUNCT	O
All	DET	O
important	ADJ	O
and	CONJ	O
sensitive	ADJ	O
documents	NOUN	B-noun.communication
in	ADP	O
the	DET	O
Presidential	ADJ	O
Palace	NOUN	B-noun.artifact
are	VERB	B-verb.stative
reportedly	ADV	O
...	PUNCT	O
URL	X	O

@USER	PROPN	B-noun.person
:	PUNCT	O
Just	ADV	O
got	VERB	B-verb.possession
a	DET	O
shot	NOUN	B-noun.act
in	ADP	O
my	DET	O
butt	NOUN	B-noun.artifact
...	PUNCT	O
gotta	AUX	O
be	VERB	B-verb.stative
in	ADP	O
top	ADJ	O
shape	NOUN	B-noun.attribute
for	ADP	O
tonight	NOUN	B-noun.time
!	PUNCT	O
?	PUNCT	O
lol	X	O
URL	X	O

Inspire	VERB	B-verb.emotion
people	NOUN	B-noun.group
through	ADP	O
your	DET	O
song	NOUN	B-noun.communication
towards	ADP	O
a	DET	O
cleaner	ADJ	O
,	PUNCT	O
greener	ADJ	O
Singapore	PROPN	B-noun.location
and	CONJ	O
win	VERB	B-verb.competition
up	ADP	O
to	ADP	O
NUMBER	NUM	B-noun.attribute
!	PUNCT	O
#EcoMusic	NOUN	B-noun.person
Challenge	NOUN	B-noun.state
URL	X	O

@USER	PROPN	B-noun.person
:	PUNCT	O
#Syria	PROPN	B-noun.person
:	PUNCT	O
Hague	PROPN	B-noun.person
hints	VERB	B-verb.communication
at	ADP	O
military	ADJ	O
action	NOUN	B-noun.act
-	PUNCT	O
latest	ADJ	O
news	NOUN	B-noun.communication
URL	X	O
via	ADP	O
@USER	PROPN	B-noun.person
#ASSAD	PROPN	B-noun.person
#chemicalweapons	NOUN	B-noun.person

Photo	NOUN	B-noun.artifact
:	PUNCT	O
elucidatings	NOUN	B-noun.person
:	PUNCT	O
Promoting	VERB	B-verb.social
all	DET	O
NEW	ADJ	O
followers	NOUN	B-noun.group
URL	X	O

@USER	PROPN	B-noun.person
:	PUNCT	O
David	PROPN	B-noun.person
Guetta	PROPN	I-noun.person
Rescheduled	VERB	B-verb.communication
at	ADP	O
Creamfields	PROPN	B-noun.person
Due	CONJ	O
to	ADP	O
Airplane	NOUN	B-noun.event
Fire	NOUN	I-noun.event
|	PUNCT	O
Your	DET	O
EDM	X	O
URL	X	O

Hire	VERB	B-verb.social
Or	CONJ	O
Provide	VERB	B-verb.possession
Professional	ADJ	O
Services	NOUN	B-noun.act
From	ADP	O
NUMBER	NUM	B-noun.attribute
To	ADP	O
NUMBER	NUM	B-noun.attribute
URL	X	O

@USER	PROPN	B-noun.person
:	PUNCT	O
?	PUNCT	O
Just	ADV	O
Announced	VERB	B-verb.communication
:	PUNCT	O
Zurich	PROPN	B-noun.location
,	PUNCT	O
Switzerland	PROPN	B-noun.location
-	PUNCT	O
Dec	NOUN	B-noun.attribute
NUMBER	NUM	I-noun.attribute
at	ADP	O
Mascotte	PROPN	B-noun.person
URL	X	O

@USER	PROPN	B-noun.person
:	PUNCT	O
Breaking	ADJ	O
News	NOUN	B-noun.communication
:	PUNCT	O
U.N.	PROPN	B-noun.person
chemical	ADJ	O
weapons	NOUN	B-noun.group
team	NOUN	I-noun.group
under	ADP	O
fire	NOUN	B-noun.event
in	ADP	O
Syria	PROPN	B-noun.location
URL	X	O

I'm	VERB	O
A	DET	O
Real	ADJ	O
Girl	NOUN	B-noun.person
URL	X	O

Valon	PROPN	B-noun.person
Behrami	PROPN	I-noun.person
West	PROPN	I-noun.person
Ham	PROPN	I-noun.person
Napoli	PROPN	I-noun.person
Lazio	PROPN	I-noun.person
Fiorentina	PROPN	I-noun.person
Signed	ADJ	O
autograph	NOUN	B-noun.artifact
Card	NOUN	I-noun.artifact
:	PUNCT	O
NUMBER	NUM	B-noun.time
End	NOUN	I-noun.time
Date	NOUN	I-noun.time
:	PUNCT	O
Wednesday	NOUN	B-noun.person
Sep-25-2013	NOUN	I-noun.person
...	PUNCT	O
URL	X	O

@USER	PROPN	B-noun.person
:	PUNCT	O
COUNT	VERB	B-verb.communication
ME	PRON	O
IN	PART	O
!	PUNCT	O
Ted	PROPN	B-noun.person
Cruz	PROPN	I-noun.person
says	VERB	B-verb.communication
a	DET	O
'	PUNCT	O
Grassroots	NOUN	B-noun.event
Tsunami	NOUN	I-noun.event
'	PUNCT	O
is	AUX	O
Needed	VERB	B-verb.stative
to	ADP	O
Defund	VERB	O
Obamacare	PROPN	B-noun.person
.	PUNCT	O
URL	X	O
Pls	PART	O
RT	VERB	O

NUMBER	NUM	B-noun.attribute
of	ADP	O
Teens	NOUN	B-noun.time
Share	VERB	B-verb.stative
Too	ADV	O
Much	ADJ	O
Personal	ADJ	O
Data	NOUN	B-noun.group
,	PUNCT	O
a	DET	O
LifeLock	PROPN	B-noun.act
Survey	NOUN	I-noun.act
Finds	VERB	B-verb.possession
URL	X	O

Honda	PROPN	B-noun.attribute
Civic	PROPN	I-noun.attribute
NUMBER	NUM	I-noun.attribute
FLYAUDIO	PROPN	I-noun.attribute
NUMBER	NUM	I-noun.attribute
Gen	NOUN	I-noun.attribute
NUMBER	NUM	I-noun.attribute
"	PUNCT	O
screen/GPS/DVD/IPOD/BT/MP3/USB/RD	NOUN	B-noun.person
:	PUNCT	O
NUMBER	NUM	B-noun.attribute
(	PUNCT	O
NUMBER	NUM	B-noun.communication
Bids	NOUN	I-noun.communication
)	PUNCT	O
End	NOUN	B-noun.time
Date	NOUN	I-noun.time
:	PUNCT	O
Thursday	NOUN	B-noun.time
...	PUNCT	O
URL	X	O

New	ADJ	O
to	ADP	O
the	DET	O
Pancake	PROPN	B-noun.artifact
Pantry	PROPN	I-noun.artifact
?	PUNCT	O
We're	VERB	O
open	ADJ	O
ALL	DET	O
year	NOUN	B-noun.time
round	ADP	O
(	PUNCT	O
except	ADP	O
Thanksgiving	PROPN	B-noun.time
and	CONJ	O
Christmas	PROPN	B-noun.time
Day	PROPN	I-noun.time
)	PUNCT	O
.	PUNCT	O
We	PRON	O
are	VERB	B-verb.stative
even	ADV	O
open	ADJ	O
...	PUNCT	O
URL	X	O

@USER	PROPN	B-noun.person
:	PUNCT	O
Syria	PROPN	B-noun.location
Changes	VERB	B-verb.change
Course	NOUN	B-noun.act
,	PUNCT	O
Will	AUX	O
Allow	VERB	B-verb.social
Inspectors	NOUN	B-noun.person
:	PUNCT	O
URL	X	O

I'm	VERB	O
at	ADP	O
Pacific	PROPN	B-noun.artifact
Transload	PROPN	I-noun.artifact
Systems	PROPN	I-noun.artifact
-	PUNCT	O
Port	PROPN	B-noun.location
Of	ADP	O
Oakland	PROPN	B-noun.location
(	PUNCT	O
Oakland	PROPN	B-noun.location
,	PUNCT	O
CA	PROPN	B-noun.substance
)	PUNCT	O
URL	X	O

Photo	NOUN	B-noun.artifact
:	PUNCT	O
Alessandra	PROPN	B-noun.person
Kamaile	PROPN	I-noun.person
-	PUNCT	O
inspiring	ADJ	O
picture	NOUN	B-noun.artifact
on	ADP	O
URL	X	O
en	X	O
We	PRON	O
Heart	VERB	O
It	PRON	O
....	PUNCT	O
URL	X	O

Baffled	ADJ	O
Di	PROPN	B-noun.person
Resta	PROPN	I-noun.person
rues	VERB	B-verb.emotion
collision	NOUN	B-noun.event
URL	X	O

"	PUNCT	O
Dictionaries	NOUN	B-noun.communication
Redefine	VERB	B-verb.stative
'	PUNCT	O
Marriage	NOUN	B-noun.state
'	PUNCT	O
in	ADP	O
Wake	NOUN	B-noun.phenomenon
of	ADP	O
British	ADJ	O
Gay	NOUN	B-noun.communication
Marriage	NOUN	I-noun.communication
Legislation	NOUN	I-noun.communication
"	PUNCT	O
What	PRON	O
do	AUX	O
you	PRON	O
think	VERB	B-verb.cognition
?	PUNCT	O
URL	X	O

Photo	NOUN	B-noun.artifact
?	PUNCT	O
At	ADP	O
The	DET	O
End	NOUN	B-noun.location
of	ADP	O
the	DET	O
World	NOUN	B-noun.object
?	PUNCT	O
by	ADP	O
wim	PROPN	B-noun.person
denijs	PROPN	B-noun.person
#500px	NOUN	B-noun.person
URL	X	O

If	ADP	O
you	PRON	O
were	VERB	B-verb.stative
a	DET	O
car	NOUN	B-noun.artifact
,	PUNCT	O
what	PRON	O
kind	NOUN	B-noun.cognition
of	ADP	O
car	NOUN	B-noun.artifact
would	AUX	O
you	PRON	O
be	VERB	B-verb.stative
?	PUNCT	O
?	PUNCT	O
the	DET	O
Mini	PROPN	B-noun.artifact
Cooper	PROPN	B-noun.person
Convertible	NOUN	B-noun.artifact
one	NUM	B-noun.quantity
URL	X	O

@USER	PROPN	B-noun.person
:	PUNCT	O
?	PUNCT	O
NUMBER	NUM	B-noun.cognition
Cognitive	NOUN	I-noun.cognition
Biases	NOUN	I-noun.cognition
That	PRON	O
Screw	VERB	B-verb.contact
Up	PART	O
How	ADV	O
We	PRON	O
Think	VERB	B-verb.cognition
?	PUNCT	O
URL	X	O
via	ADP	O
@USER	PROPN	B-noun.person

Today	NOUN	B-noun.person
stats	NOUN	I-noun.person
:	PUNCT	O
NUMBER	NUM	B-noun.group
followers	NOUN	I-noun.group
,	PUNCT	O
NUMBER	NUM	B-noun.person
unfollowers	NOUN	I-noun.person
and	CONJ	O
followed	VERB	B-verb.motion
NUMBER	NUM	B-noun.group
people	NOUN	I-noun.group
via	ADP	O
URL	X	O

@USER	PROPN	B-noun.person
:	PUNCT	O
Evolving	ADJ	O
world	NOUN	B-noun.object
of	ADP	O
BPM	PROPN	B-noun.time
|	PUNCT	O
IBM	PROPN	B-noun.location
Software	PROPN	I-noun.location
India	PROPN	I-noun.location
:	PUNCT	O
business	NOUN	B-noun.attribute
agility	NOUN	I-noun.attribute
,	PUNCT	O
BPM	PROPN	B-noun.time
,	PUNCT	O
business	NOUN	B-noun.act
process	NOUN	I-noun.act
management	NOUN	I-noun.act
,	PUNCT	O
...	PUNCT	O
URL	PROPN	B-noun.person
#	NOUN	I-noun.person
?	PUNCT	O

Today	NOUN	B-noun.person
stats	NOUN	I-noun.person
:	PUNCT	O
2	NUM	B-noun.group
followers	NOUN	I-noun.group
,	PUNCT	O
2	NUM	B-noun.person
unfollowers	NOUN	I-noun.person
and	CONJ	O
followed	VERB	B-verb.motion
NUMBER	NUM	B-noun.group
people	NOUN	I-noun.group
via	ADP	O
URL	X	O

Today	NOUN	B-noun.person
stats	NOUN	I-noun.person
:	PUNCT	O
NUMBER	NUM	B-noun.group
followers	NOUN	I-noun.group
,	PUNCT	O
No	DET	O
unfollowers	NOUN	B-noun.person
via	ADP	O
URL	X	O

@USER	PROPN	B-noun.person
:	PUNCT	O
for	ADP	O
a	DET	O
chance	NOUN	B-noun.state
to	ADP	O
win	VERB	B-verb.competition
2	NUM	B-noun.communication
tickets	NOUN	I-noun.communication
to	ADP	O
the	DET	O
@USER	PROPN	B-noun.time
Art	PROPN	I-noun.time
Launch	PROPN	I-noun.time
Party	PROPN	I-noun.time
tomorrow	NOUN	I-noun.time
!	PUNCT	O
More	DET	O
info	NOUN	B-noun.communication
-	PUNCT	O
URL	X	O

There	PRON	O
are	VERB	B-verb.stative
some	DET	O
constraints	NOUN	B-noun.state
as	ADP	O
to	ADP	O
how	ADV	O
high	ADJ	O
or	CONJ	O
how	ADV	O
low	ADJ	O
you	PRON	O
can	AUX	O
set	VERB	B-verb.contact
your	DET	O
price	NOUN	B-noun.attribute
when	ADV	O
posting	VERB	B-verb.contact
your	DET	O
bid	NOUN	B-noun.communication
.	PUNCT	O
URL	X	O

Radio	PROPN	B-noun.person
NUMBER	NUM	I-noun.person
Darkside	PROPN	I-noun.person
Teaser	NOUN	I-noun.person
:	PUNCT	O
URL	X	O
via	ADP	O
@USER	PROPN	B-noun.time
NUMBER	NUM	I-noun.time
years	NOUN	I-noun.time
ago	ADV	O
!	PUNCT	O
Timeless	ADJ	O
.	PUNCT	O

Today	NOUN	B-noun.person
stats	NOUN	I-noun.person
:	PUNCT	O
One	NUM	B-noun.person
follower	NOUN	I-noun.person
,	PUNCT	O
No	DET	O
unfollowers	NOUN	B-noun.person
via	ADP	O
URL	X	O

"	PUNCT	O
Weird	ADJ	O
seaside	ADJ	O
accessories	NOUN	B-noun.artifact
-	PUNCT	O
Telegraph	PROPN	B-noun.artifact
"	PUNCT	O
URL	X	O

Music	NOUN	B-noun.artifact
Think	NOUN	I-noun.artifact
Tank	NOUN	I-noun.artifact
-	PUNCT	O
How	ADV	O
To	ADP	O
Make	VERB	B-verb.social
It	PRON	O
In	ADP	O
The	DET	O
Music	NOUN	B-noun.group
Industry	NOUN	I-noun.group
-	PUNCT	O
4	NUM	B-noun.quantity
Key	NOUN	B-noun.artifact
Factors	NOUN	B-noun.event
URL	X	O

NSA	PROPN	B-noun.object
agents	NOUN	I-noun.object
spied	VERB	B-verb.perception
on	ADP	O
their	DET	O
love	NOUN	B-noun.cognition
interests	NOUN	I-noun.cognition
under	ADP	O
a	DET	O
program	NOUN	B-noun.cognition
called	VERB	B-verb.communication
"	PUNCT	O
LOVEINT	PROPN	B-noun.person
"	PUNCT	O
URL	X	O

NUMBER	NUM	B-noun.attribute
top	ADJ	O
theme	NOUN	B-noun.person
parks	NOUN	I-noun.person
opening	VERB	B-verb.contact
soon	ADV	O
URL	X	O

@USER	PROPN	B-noun.person
:	PUNCT	O
Lady	PROPN	B-noun.person
Gaga	PROPN	I-noun.person
talking	VERB	B-verb.communication
to	ADP	O
the	DET	O
boys	NOUN	B-noun.person
after	ADP	O
they	PRON	O
won	VERB	B-verb.competition
the	DET	O
award	NOUN	B-noun.act
,	PUNCT	O
gotta	AUX	O
love	VERB	B-verb.emotion
her	PRON	O
.	PUNCT	O
URL	X	O
?	PUNCT	O

NUMBER	NUM	B-noun.person
Chevy	PROPN	I-noun.person
Lumina-	PROPN	I-noun.person
Rare	ADJ	O
NUMBER	NUM	B-noun.person
Package-	NOUN	I-noun.person
Recaro	PROPN	I-noun.person
Seats-	NOUN	I-noun.person
NUMBER	NUM	I-noun.person
v6-	NOUN	I-noun.person
NUMBER	NUM	I-noun.person
obo	PROPN	I-noun.person
(	PUNCT	O
yopungstown	PROPN	B-noun.person
)	PUNCT	O
NUMBER	NUM	B-noun.attribute
URL	X	O

I	PRON	O
posted	VERB	B-verb.contact
a	DET	O
new	ADJ	O
photo	NOUN	B-noun.artifact
to	ADP	O
Facebook	PROPN	B-noun.person
URL	X	O

NUMBER	NUM	B-noun.attribute
Girly	ADJ	O
School	NOUN	B-noun.quantity
Supplies	NOUN	I-noun.quantity
From	ADP	O
Your	DET	O
Childhood	NOUN	B-noun.time
You	PRON	O
Maybe	ADV	O
Still	ADV	O
Want	VERB	B-verb.emotion
URL	X	O

@USER	PROPN	B-noun.person
:	PUNCT	O
Traits	NOUN	B-noun.attribute
of	ADP	O
Autism	NOUN	B-noun.cognition
Seen	VERB	B-verb.perception
in	ADP	O
Some	DET	O
Kids	NOUN	B-noun.person
with	ADP	O
ADHD	PROPN	B-noun.state
URL	X	O

When	ADV	O
I	PRON	O
grow	VERB	B-verb.change
up	PART	O
,	PUNCT	O
I	PRON	O
want	VERB	B-verb.emotion
to	ADP	O
...	PUNCT	O
URL	X	O
from	ADP	O
Seth	PROPN	B-noun.person
Godin	PROPN	I-noun.person
.	PUNCT	O
You	PRON	O
don't	AUX	O
need	AUX	O
to	ADP	O
boil	VERB	B-verb.change
the	DET	O
ocean	NOUN	B-noun.object
to	ADP	O
change	VERB	B-verb.change
the	DET	O
world	NOUN	B-noun.object
for	ADP	O
the	DET	O
better	ADJ	O
.	PUNCT	O

Nube	PROPN	B-noun.person
NUMBER	NUM	I-noun.person
@USER	PROPN	I-noun.person
the	DET	O
Philarmonic	PROPN	B-noun.person
of	ADP	O
Liverpool	PROPN	B-noun.location
-	PUNCT	O
homage	NOUN	B-noun.act
to	ADP	O
George	PROPN	B-noun.person
.	PUNCT	O
URL	X	O

I	PRON	O
posted	VERB	B-verb.contact
a	DET	O
new	ADJ	O
photo	NOUN	B-noun.artifact
to	ADP	O
Facebook	PROPN	B-noun.person
URL	X	O

NUMBER	NUM	B-noun.person
Technology	PROPN	I-noun.person
Award	PROPN	I-noun.person
Winners	NOUN	I-noun.person
Announced	VERB	B-verb.communication
by	ADP	O
International	PROPN	B-noun.attribute
NUMBER	NUM	I-noun.attribute
&	CONJ	O
Advanced	PROPN	B-noun.person
Imaging	PROPN	B-noun.cognition
Society	PROPN	B-noun.group
URL	X	O

Does	AUX	O
Evil	PROPN	B-noun.act
ever	ADV	O
really	ADV	O
sleep	VERB	B-verb.body
?	PUNCT	O
Or	CONJ	O
does	AUX	O
it	PRON	O
just	ADV	O
wait	VERB	B-verb.stative
?	PUNCT	O
#kiramorgana	PROPN	B-noun.person
#TTATE	PROPN	I-noun.person
-	PUNCT	O
URL	X	O

NEW	ADJ	O
POST	NOUN	B-noun.location
:	PUNCT	O
More	ADJ	O
than	ADP	O
NUMBER	NUM	B-noun.communication
vintage	NOUN	I-noun.communication
ads	NOUN	I-noun.communication
at	ADP	O
your	DET	O
fingertips	NOUN	B-noun.body
URL	X	O
#vintage	NOUN	B-noun.person

I	PRON	O
posted	VERB	B-verb.contact
a	DET	O
new	ADJ	O
photo	NOUN	B-noun.artifact
to	ADP	O
Facebook	PROPN	B-noun.person
URL	X	O

Japan	PROPN	B-noun.group
school	NOUN	I-noun.group
board	NOUN	I-noun.group
bows	VERB	B-verb.communication
to	ADP	O
outcry	NOUN	B-noun.communication
,	PUNCT	O
drops	VERB	B-verb.motion
curbs	NOUN	B-noun.artifact
on	ADP	O
anti-war	ADJ	O
comic	NOUN	B-noun.person
URL	X	O
#health	NOUN	B-noun.person
#living	NOUN	B-noun.person

NUMBER	NUM	B-noun.quantity
MILLION	NOUN	I-noun.quantity
Mega	ADJ	O
Millions	PROPN	B-noun.possession
Jackpot	PROPN	I-noun.possession
this	DET	O
Tuesday	NOUN	B-noun.time
,	PUNCT	O
NUMBER	NUM	B-noun.attribute
Aug	NOUN	I-noun.attribute
NUMBER	NUM	I-noun.attribute
!	PUNCT	O
Find	VERB	B-verb.possession
out	PART	O
how	ADV	O
to	ADP	O
win	VERB	B-verb.competition
it	PRON	O
:	PUNCT	O
URL	X	O

Antique	ADJ	O
ROYAL	PROPN	B-noun.cognition
BAYREUTH	PROPN	I-noun.cognition
Sun-Bonnet	NOUN	I-noun.cognition
Babies	NOUN	I-noun.cognition
Blue	NOUN	I-noun.cognition
Mark	NOUN	I-noun.cognition
sewing	VERB	B-verb.contact
/	PUNCT	O
Mending	VERB	B-verb.change
/	PUNCT	O
Wednesday	NOUN	B-noun.time
NUMBER	NUM	B-noun.attribute
URL	X	O
#plates	NOUN	B-noun.person

Don't	AUX	O
forget	VERB	B-verb.cognition
to	ADP	O
get	VERB	B-verb.possession
your	DET	O
Atlanta	PROPN	B-noun.artifact
Beagle	PROPN	I-noun.artifact
Rescue	PROPN	I-noun.artifact
gear	NOUN	I-noun.artifact
!	PUNCT	O
URL	X	O
URL	X	O

Don	AUX	O
?	PUNCT	O
t	AUX	O
get	VERB	B-verb.possession
lost	ADJ	O
in	ADP	O
a	DET	O
business	NOUN	B-noun.communication
book	NOUN	I-noun.communication
.	PUNCT	O
Learn	VERB	B-verb.cognition
how	ADV	O
to	ADP	O
work	VERB	B-verb.social
smarter	ADV	O
and	CONJ	O
live	VERB	B-verb.stative
better	ADV	O
here	ADV	O
at	ADP	O
#ExpertsEnterprise	PROPN	B-noun.person
URL	X	O

Guzan	PROPN	B-noun.person
:	PUNCT	O
Villa	PROPN	B-noun.person
massively	ADV	O
different	ADJ	O
this	DET	O
season	NOUN	B-noun.time
URL	X	O

Soccer	NOUN	B-noun.communication
news	NOUN	I-noun.communication
:	PUNCT	O
RODGERS	PROPN	B-noun.person
:	PUNCT	O
ENGLAND	PROPN	B-noun.location
ARE	VERB	B-verb.stative
LUCKY	ADJ	O
TO	ADP	O
HAVE	VERB	B-verb.possession
STURRIDGE	PROPN	B-noun.person
URL	X	O
#SoccerNews	NOUN	B-noun.person
#soccer	NOUN	B-noun.person
#fifa	PROPN	B-noun.person
#soccer	NOUN	B-noun.person
#football	NOUN	B-noun.person

'	PUNCT	O
Favstar/top-50-funny	ADJ	O
'	PUNCT	O
news	NOUN	B-noun.communication
URL	X	O
-	PUNCT	O
top	ADJ	O
stories	NOUN	B-noun.communication
by	ADP	O
BestofTheWorsti	PROPN	B-noun.person
,	PUNCT	O
ItsGuiRodrigues	PROPN	B-noun.person
,	PUNCT	O
AlberttoLicona	PROPN	B-noun.person

You	PRON	O
and	CONJ	O
jack	PROPN	B-noun.quantity
should	AUX	O
get	AUX	O
married	VERB	B-verb.social
already	ADV	O
.	PUNCT	O
I'll	AUX	O
plan	VERB	B-verb.cognition
it	PRON	O
.	PUNCT	O
?	PUNCT	O
trip	NOUN	B-noun.act
to	ADP	O
michigan	PROPN	B-noun.location
URL	X	O

#NowPlaying	NOUN	B-noun.person
Do	VERB	B-verb.social
You	PRON	O
...	PUNCT	O
by	ADP	O
Miguel	PROPN	B-noun.person
on	ADP	O
#Spotify	PROPN	B-noun.person
Do	AUX	O
you	PRON	O
like	VERB	B-verb.emotion
drugs	NOUN	B-noun.artifact
?	PUNCT	O
Yeah	X	O
?	PUNCT	O
well	X	O
me	PRON	O
too	ADV	O
?	PUNCT	O
URL	X	O

***	PUNCT	O
#CCC	NOUN	B-noun.animal
Butterfly	NOUN	I-noun.animal
?????	PUNCT	O
Asks	VERB	B-verb.communication
........	PUNCT	O
WHAT	PRON	O
AM	VERB	B-verb.stative
I	PRON	O
????	PUNCT	O
***	PUNCT	O
Riddle	VERB	B-verb.contact
me	PRON	O
this	PRON	O
,	PUNCT	O
Riddle	VERB	B-verb.contact
me	PRON	O
that	PRON	O
A	DET	O
Quiz	NOUN	B-noun.communication
for	ADP	O
you	PRON	O
,	PUNCT	O
so	X	O
get	VERB	B-verb.possession
on	ADP	O
...	PUNCT	O
URL	X	O

Post	ADJ	O
match	NOUN	B-noun.communication
interview	NOUN	I-noun.communication
with	ADP	O
Kraigg	PROPN	B-noun.person
Brathwaite	PROPN	B-noun.person
URL	X	O

Have	AUX	O
you	PRON	O
tried	VERB	B-verb.social
our	DET	O
Spicy	ADJ	O
Tako	NOUN	B-noun.food
Salad	NOUN	I-noun.food
?	PUNCT	O
It's	VERB	O
marinated	ADJ	O
octopus	NOUN	B-noun.food
over	ADP	O
a	DET	O
bed	NOUN	B-noun.artifact
of	ADP	O
cucumber	NOUN	B-noun.food
salad	NOUN	I-noun.food
.	PUNCT	O
Served	VERB	B-verb.stative
with	ADP	O
ponzu	NOUN	B-noun.food
sauce	NOUN	I-noun.food
...	PUNCT	O
URL	X	O

lack	NOUN	B-noun.state
of	ADP	O
accurate	ADJ	O
climate	NOUN	B-noun.cognition
models	NOUN	I-noun.cognition
should	AUX	O
not	ADV	O
dissuade	VERB	B-verb.communication
countries	NOUN	B-noun.group
from	ADP	O
choosing	VERB	B-verb.cognition
best	ADJ	O
ways	NOUN	B-noun.artifact
to	ADP	O
adapt	VERB	B-verb.change
to	ADP	O
changing	ADJ	O
climate	NOUN	B-noun.state
URL	X	O

@USER	PROPN	B-noun.person
:	PUNCT	O
Breaking	ADJ	O
News	NOUN	B-noun.communication
:	PUNCT	O
Social	PROPN	B-noun.attribute
Media	PROPN	I-noun.attribute
NUMBER	NUM	I-noun.attribute
is	VERB	B-verb.stative
out	ADV	O
!	PUNCT	O
URL	X	O
?	PUNCT	O
?	PUNCT	O
Top	ADJ	O
stories	NOUN	B-noun.communication
today	ADV	O
via	ADP	O
@USER	PROPN	B-noun.person
@USER	PROPN	B-noun.person

The	DET	O
Secret	NOUN	B-noun.communication
To	ADP	O
A	DET	O
Perfect	ADJ	O
Sandwich	NOUN	B-noun.food
URL	X	O

I	PRON	O
posted	VERB	B-verb.contact
a	DET	O
new	ADJ	O
photo	NOUN	B-noun.artifact
to	ADP	O
Facebook	PROPN	B-noun.person
URL	X	O

Bendtner	PROPN	B-noun.person
could	AUX	O
not	ADV	O
hit	VERB	B-verb.contact
a	DET	O
Cows	NOUN	B-noun.body
Arse	NOUN	I-noun.body
with	ADP	O
a	DET	O
cricket	NOUN	B-noun.animal
bat	NOUN	I-noun.animal
!!	PUNCT	O
No	PART	O
Albion	PROPN	B-noun.location
No	PART	O
,	PUNCT	O
Im	VERB	O
available	ADJ	O
at	ADP	O
NUMBER	NUM	B-noun.person
FFS	NOUN	I-noun.person
.	PUNCT	O
#WBAFC	PROPN	B-noun.person
#Baggiee	PROPN	B-noun.person
URL	X	O

Build	VERB	B-verb.creation
a	DET	O
bear	NOUN	B-noun.artifact
workshop	NOUN	I-noun.artifact
,	PUNCT	O
Avenues	PROPN	B-noun.act
:	PUNCT	O
Loving	VERB	B-verb.emotion
the	DET	O
build	VERB	B-verb.creation
a	DET	O
bear	NOUN	B-noun.artifact
workshop	NOUN	I-noun.artifact
!	PUNCT	O
What	PRON	O
a	DET	O
fabulous	ADJ	O
idea	NOUN	B-noun.cognition
.	PUNCT	O
The	DET	O
post	NOUN	B-noun.person
Bui	PROPN	I-noun.person
?	PUNCT	O
URL	X	O

European	ADJ	O
Study	NOUN	B-noun.act
Finds	VERB	B-verb.possession
Megaupload	PROPN	B-noun.act
Closure	NOUN	I-noun.act
Helped	VERB	B-verb.social
Blockbusters	PROPN	B-noun.artifact
,	PUNCT	O
Hurt	VERB	B-verb.perception
Smaller	ADJ	O
Pics	NOUN	B-noun.communication
:	PUNCT	O
Researchers	NOUN	B-noun.person
from	ADP	O
the	DET	O
Munich	PROPN	B-noun.substance
Sc	NOUN	I-noun.substance
...	PUNCT	O
URL	X	O

Interview	NOUN	B-noun.communication
:	PUNCT	O
Brodus	PROPN	B-noun.communication
Clay	PROPN	I-noun.communication
URL	X	O
No	DET	O
One	NOUN	B-noun.quantity
Lives	VERB	B-verb.stative
actor/WWE	NOUN	B-noun.person
Superstar	NOUN	I-noun.person
chats	VERB	B-verb.communication
about	ADP	O
differences	NOUN	B-noun.attribute
between	ADP	O
horror/wresting	NOUN	B-noun.group
crowds	NOUN	I-noun.group
&	CONJ	O
more	NOUN	B-noun.person

#Gambling	NOUN	B-noun.person
#APP	NOUN	I-noun.person
simply	ADV	O
the	DET	O
best	ADJ	O
FREE	ADJ	O
app	NOUN	B-noun.person
covering	VERB	B-verb.contact
all	DET	O
top	ADJ	O
bookies	NOUN	B-noun.person
.	PUNCT	O
iphone	NOUN	B-noun.person
go	VERB	B-verb.motion
to	ADP	O
URL	NOUN	B-noun.person
ipad	NOUN	I-noun.person
...	PUNCT	O
URL	X	O

WELSH	ADJ	O
DRAGON	NOUN	B-noun.person
FOUND	VERB	B-verb.social
:	PUNCT	O
URL	X	O
via	ADP	O
@USER	PROPN	B-noun.person

Who	PRON	O
Is	AUX	O
Missing	VERB	B-verb.perception
From	ADP	O
Danity	PROPN	B-noun.group
Kane's	PROPN	I-noun.group
Video	NOUN	I-noun.group
Music	NOUN	I-noun.group
Awards	NOUN	I-noun.group
Reunion	NOUN	I-noun.group
?	PUNCT	O
URL	X	O

Date	NOUN	B-noun.time
agreed	VERB	B-verb.communication
for	ADP	O
referendum	NOUN	B-noun.act
purdah	NOUN	B-noun.state
URL	X	O

Global	ADJ	O
Analysis	NOUN	B-noun.act
of	ADP	O
the	DET	O
Automotive	NOUN	B-noun.person
Refinish	NOUN	B-noun.person
Coatings	NOUN	B-noun.artifact
Market	NOUN	B-noun.act
URL	X	O

I'm	AUX	O
sharing	VERB	B-verb.stative
my	DET	O
favorite	ADJ	O
blueberry	NOUN	B-noun.time
muffin	NOUN	I-noun.time
recipe	NOUN	I-noun.time
today	NOUN	I-noun.time
.	PUNCT	O
URL	X	O
URL	X	O

GMC/Chevy/Hummer/Buick/Saturn/	PROPN	B-noun.person
Flyaudio	PROPN	I-noun.person
GPS/DVD/IPOD/BT/USB/RADIO/AV	NOUN	I-noun.person
/Navigation	NOUN	I-noun.person
:	PUNCT	O
NUMBER	NUM	B-noun.attribute
(	PUNCT	O
NUMBER	NUM	B-noun.communication
Bids	NOUN	I-noun.communication
)	PUNCT	O
End	NOUN	B-noun.time
Date	NOUN	I-noun.time
:	PUNCT	O
...	PUNCT	O
URL	X	O

aaaaaaaaaaaaaaaaaaaaaaaaaaaaaaaaaaaahhhhh	X	O
!!!!!!!!!!	PUNCT	O
?	PUNCT	O
Nothing	NOUN	B-noun.quantity
to	ADP	O
Say	VERB	B-verb.communication
?	PUNCT	O
Angra	PROPN	B-noun.person
URL	X	O
#NowPlaying	NOUN	B-noun.person

[	PUNCT	O
SEP	PROPN	B-noun.quantity
2	NUM	I-noun.quantity
]	PUNCT	O
@USER	PROPN	B-noun.person
presents	VERB	B-verb.perception
exclusive	ADJ	O
Listening	NOUN	B-noun.communication
Session	NOUN	I-noun.communication
w/	ADP	O
@USER	PROPN	B-noun.person
4	ADP	O
Music	PROPN	B-noun.time
Monday	PROPN	I-noun.time
.	PUNCT	O
RSVP	VERB	O
TODAY	NOUN	B-noun.time
|	PUNCT	O
Details	NOUN	B-noun.communication
@USER	PROPN	B-noun.person
URL	X	O

National	NOUN	B-noun.group
Dance	NOUN	I-noun.group
Day	NOUN	I-noun.group
NUMBER	NUM	I-noun.group
Instructional	NOUN	I-noun.group
Master	NOUN	I-noun.group
Class	NOUN	I-noun.group
-	PUNCT	O
Mirrored	ADJ	O
and	CONJ	O
Slow	ADJ	O
*	PUNCT	O
...	PUNCT	O
:	PUNCT	O
URL	X	O
via	ADP	O
@USER	PROPN	B-noun.person

Fake	ADJ	O
Shemales	NOUN	B-noun.person
in	ADP	O
Pantyhose	NOUN	B-noun.artifact
#porn	NOUN	B-noun.person
#sexy	NOUN	B-noun.person
#xxx	NOUN	B-noun.person
#adult	NOUN	B-noun.person
#amateur	NOUN	B-noun.person
#nsfw	NOUN	B-noun.person
#shemales	NOUN	B-noun.person
#pantyhose	NOUN	B-noun.person
URL	X	O

#Redgage	PROPN	B-noun.person
Save	VERB	B-verb.social
#water	NOUN	B-noun.person
while	ADP	O
#washing	NOUN	B-noun.person
your	DET	O
#vehicles	NOUN	B-noun.person
#Photo	NOUN	B-noun.person
URL	X	O

One	NOUN	B-noun.time
Dress	NOUN	I-noun.time
a	NOUN	I-noun.time
Day	NOUN	I-noun.time
Exclusive	ADJ	O
:	PUNCT	O
Liverpool	PROPN	B-noun.location
Dress	NOUN	B-noun.artifact
URL	X	O

Welcome	VERB	B-verb.possession
Home	NOUN	B-noun.communication
URL	X	O
via	ADP	O
@USER	PROPN	B-noun.substance
Liz	PROPN	I-noun.substance
W	PROPN	I-noun.substance
is	VERB	B-verb.stative
back	ADV	O
@USER	PROPN	B-noun.person
Davidson	PROPN	B-noun.person

NUMBER	NUM	B-noun.motive
Reasons	NOUN	I-noun.motive
Your	DET	O
Job	NOUN	B-noun.act
Search	NOUN	I-noun.act
is	AUX	O
Falling	VERB	B-verb.motion
Flat	PART	O
|	PUNCT	O
Resume	NOUN	B-noun.person
Companion	NOUN	I-noun.person
URL	X	O

yu	PRON	O
a	DET	O
bitch	NOUN	B-noun.state
2	ADV	O
?	PUNCT	O
gladly	ADJ	O
to	ADP	O
kno	VERB	O
that	ADP	O
im	VERB	O
on	ADP	O
your	PRON	O
mind	NOUN	B-noun.cognition
&	CONJ	O
you	PRON	O
think	VERB	B-verb.cognition
of	ADP	O
me	PRON	O
like	ADP	O
that	DET	O
!!!!	PUNCT	O
URL	X	O

I	PRON	O
posted	VERB	B-verb.contact
a	DET	O
new	ADJ	O
photo	NOUN	B-noun.artifact
to	ADP	O
Facebook	PROPN	B-noun.person
URL	X	O

Leicester	PROPN	B-noun.location
City	PROPN	I-noun.location
v	ADP	O
Liverpool	PROPN	B-noun.location
~	PUNCT	O
Premier	PROPN	B-noun.group
League	PROPN	I-noun.group
~	PUNCT	O
NUMBER	NUM	B-noun.attribute
:	PUNCT	O
NUMBER	NUM	B-noun.time
End	NOUN	I-noun.time
Date	NOUN	I-noun.time
:	PUNCT	O
Wednesday	NOUN	B-noun.person
Sep-25-2013	NOUN	I-noun.person
NUMBER	NUM	I-noun.person
PDT	PROPN	I-noun.person
Buy	VERB	B-verb.possession
It	PRON	O
...	PUNCT	O
URL	X	O

I	PRON	O
liked	VERB	B-verb.emotion
a	DET	O
@USER	PROPN	B-noun.communication
video	NOUN	I-noun.communication
from	ADP	O
@USER	PROPN	B-noun.location
URL	NOUN	I-noun.location
Cedar	PROPN	I-noun.location
Park	PROPN	I-noun.location
Receives	VERB	B-verb.possession
the	DET	O
Lone	PROPN	B-noun.person
Star	PROPN	B-noun.object
Cup	NOUN	B-noun.artifact

Soccer	NOUN	B-noun.communication
news	NOUN	I-noun.communication
:	PUNCT	O
COOL	ADJ	O
SOCCER	NOUN	B-noun.act
FANS	NOUN	B-noun.artifact
IMAGES	NOUN	B-noun.cognition
URL	X	O
#SoccerFans	NOUN	B-noun.person
#soccer	NOUN	B-noun.person
#fifa	PROPN	B-noun.person
#soccer	NOUN	B-noun.person
#football	NOUN	B-noun.person

@USER	PROPN	B-noun.person
:	PUNCT	O
VMA's	PROPN	B-noun.person
Red	ADJ	O
Carpet	NOUN	B-noun.communication
Report	NOUN	I-noun.communication
:	PUNCT	O
Thirty	NUM	B-noun.time
Seconds	NOUN	I-noun.time
To	ADP	O
Mars	PROPN	B-noun.object
URL	X	O

Joey	PROPN	B-noun.person
Bada$$	PROPN	I-noun.person
-	PUNCT	O
Killuminati	PROPN	B-noun.quantity
Pt	NOUN	I-noun.quantity
2	NUM	I-noun.quantity
"	PUNCT	O
Kendrick	PROPN	B-noun.phenomenon
Lamar	PROPN	I-noun.phenomenon
Response	NOUN	I-noun.phenomenon
"	PUNCT	O
:	PUNCT	O
URL	X	O

Kiessling	PROPN	B-noun.person
unconcerned	VERB	O
by	ADP	O
international	ADJ	O
snub	NOUN	B-noun.communication
URL	X	O

September	NOUN	B-noun.group
Couponing	NOUN	I-noun.group
Class	NOUN	I-noun.group
,	PUNCT	O
it's	VERB	O
an	DET	O
awesome	ADJ	O
NUMBER	NUM	B-noun.group
week	NOUN	I-noun.group
class	NOUN	I-noun.group
to	ADP	O
learn	VERB	B-verb.cognition
tips	NOUN	B-noun.location
and	CONJ	O
tricks	NOUN	B-noun.act
URL	X	O

I	PRON	O
posted	VERB	B-verb.contact
a	DET	O
new	ADJ	O
photo	NOUN	B-noun.artifact
to	ADP	O
Facebook	PROPN	B-noun.person
URL	X	O

Google	PROPN	B-noun.communication
?	PUNCT	O
s	NOUN	B-noun.time
local	ADJ	O
business	NOUN	B-noun.group
is	AUX	O
?	PUNCT	O
really	ADV	O
struggling	VERB	B-verb.social
,?	PUNCT	O
in	ADP	O
?	PUNCT	O
constant	ADJ	O
chaos	NOUN	B-noun.state
,?	PUNCT	O
Yelp	PROPN	B-noun.person
CEO	NOUN	I-noun.person
tells	VERB	B-verb.communication
Charlie	PROPN	B-noun.plant
Rose	PROPN	I-noun.plant
(	X	O
Video	NOUN	B-noun.communication
)	PUNCT	O
...	PUNCT	O
URL	X	O

[	PUNCT	O
MUSIC	NOUN	B-noun.communication
]	PUNCT	O
EFA	PROPN	B-noun.person
(	PUNCT	O
@USER	PROPN	B-noun.person
)	PUNCT	O
-	PUNCT	O
SUNMOBI	PROPN	B-noun.communication
PROD	NOUN	I-noun.communication
BY	ADP	O
D'TUNES	PROPN	B-noun.person
(	PUNCT	O
@USER	PROPN	B-noun.person
)	PUNCT	O
URL	X	O

Loudoun	PROPN	B-noun.person
County	PROPN	I-noun.person
winemaker	NOUN	I-noun.person
still	ADV	O
battling	VERB	B-verb.competition
homeowner	NOUN	B-noun.group
association	NOUN	I-noun.group
,	PUNCT	O
files	VERB	B-verb.communication
bankruptcy	NOUN	B-noun.state
URL	X	O

Even	ADV	O
the	DET	O
Deer	NOUN	B-noun.animal
Are	VERB	B-verb.stative
Polite	ADJ	O
in	ADP	O
Japan	PROPN	B-noun.location
.	PUNCT	O
(	PUNCT	O
You're	AUX	O
Kidding	VERB	B-verb.communication
,	PUNCT	O
Right	X	O
?	PUNCT	O
)	PUNCT	O
:	PUNCT	O
Just	ADV	O
look	VERB	B-verb.perception
how	ADV	O
this	DET	O
deer	NOUN	B-noun.animal
bows	VERB	B-verb.communication
.	PUNCT	O
These	DET	O
Japanese	ADJ	O
deer	NOUN	B-noun.animal
...	PUNCT	O
URL	X	O

Win	VERB	B-verb.competition
a	DET	O
NUMBER	NUM	B-noun.artifact
Visa	PROPN	I-noun.artifact
Gift	NOUN	I-noun.artifact
Card	NOUN	I-noun.artifact
from	ADP	O
@USER	PROPN	B-noun.person
and	CONJ	O
@USER	PROPN	B-noun.person
#giveaway	NOUN	B-noun.person
URL	X	O

Apple's	PROPN	B-noun.person
'	PUNCT	O
iPhone	PROPN	B-noun.attribute
NUMBER	NUM	I-noun.attribute
'	PUNCT	O
to	ADP	O
use	VERB	B-verb.consumption
NUMBER	NUM	B-noun.attribute
faster	ADV	O
'	PUNCT	O
A7	PROPN	B-noun.person
'	PUNCT	O
chip	NOUN	B-noun.object
,	PUNCT	O
feature	NOUN	B-noun.act
motion	NOUN	I-noun.act
tracking	NOUN	I-noun.act
-	PUNCT	O
report	VERB	B-verb.communication
-	PUNCT	O
Apple	PROPN	B-noun.food
Insider	NOUN	B-noun.person
URL	X	O

Hearts	PROPN	B-noun.artifact
fan	NOUN	I-noun.artifact
offers	VERB	B-verb.possession
cash	NOUN	B-noun.possession
for	ADP	O
appeal	NOUN	B-noun.communication
URL	X	O

Online	ADJ	O
CRM	NOUN	B-noun.artifact
system	NOUN	I-noun.artifact
and	CONJ	O
your	DET	O
business	NOUN	B-noun.group
-	PUNCT	O
URL	X	O
URL	X	O

How	ADV	O
late	ADJ	O
did	AUX	O
you	PRON	O
stay	VERB	B-verb.change
up	PART	O
last	ADJ	O
night	NOUN	B-noun.time
and	CONJ	O
why	ADV	O
?	PUNCT	O
-	PUNCT	O
Idk	VERB	O
and	CONJ	O
cuz	ADP	O
fell	VERB	B-verb.contact
asleep	ADJ	O
.	PUNCT	O
URL	X	O

Lenny	PROPN	B-noun.person
Bonsignore	PROPN	I-noun.person
:	PUNCT	O
My	DET	O
Windows	PROPN	B-noun.communication
crap	NOUN	B-noun.substance
Phone	NOUN	B-noun.artifact
NUMBER	NUM	B-noun.attribute
Start	NOUN	B-noun.event
Screen	NOUN	B-noun.artifact
URL	X	O

@USER	PROPN	B-noun.person
:	PUNCT	O
Egyptians	PROPN	B-noun.person
Not	ADV	O
Buying	VERB	B-verb.possession
Muslim	ADJ	O
Brotherhood's	PROPN	B-noun.person
Christian	NOUN	B-noun.person
Scapegoating	NOUN	B-noun.person
URL	X	O

Ballina	PROPN	B-noun.group
Expo	PROPN	I-noun.group
for	ADP	O
unemployed	NOUN	B-noun.group
.	PUNCT	O
URL	X	O

Accountant	NOUN	B-noun.person
with	ADP	O
Tally	PROPN	B-noun.act
/	PUNCT	O
peachtree	PROPN	B-noun.cognition
experience	NOUN	I-noun.cognition
-	PUNCT	O
#Qatar	PROPN	B-noun.person
#Jobs	NOUN	B-noun.person
URL	X	O

Temazo	PROPN	B-noun.person
!	PUNCT	O
?	PUNCT	O
Wake	VERB	B-verb.body
Me	PRON	O
Up	PART	O
-	PUNCT	O
Radio	NOUN	B-noun.person
Edit	NOUN	I-noun.person
?	PUNCT	O
Avicii	PROPN	B-noun.person
URL	X	O
#NowPlaying	NOUN	B-noun.person

#Beachparty	NOUN	B-noun.person
tonight	ADV	O
Ladies	NOUN	B-noun.person
?	PUNCT	O
Put	VERB	B-verb.contact
on	ADP	O
your	DET	O
Animagical	ADJ	O
#Fragrance	NOUN	B-noun.person
and	CONJ	O
go	VERB	B-verb.motion
wild	ADV	O
!	PUNCT	O
URL	X	O
URL	X	O

Why	ADV	O
Touch	NOUN	B-noun.artifact
Screens	NOUN	I-noun.artifact
Will	AUX	O
Not	ADV	O
Take	VERB	B-verb.social
Over	PART	O
:	PUNCT	O
Scientific	ADJ	O
American	PROPN	B-noun.communication
URL	X	O
via	ADP	O
@USER	PROPN	B-noun.person

NUMBER	NUM	B-noun.artifact
Hudson	PROPN	I-noun.artifact
Sedan	NOUN	I-noun.artifact
-	PUNCT	O
Original	ADJ	O
&	CONJ	O
Very	ADV	O
Rare	ADJ	O
(	PUNCT	O
Billings	NOUN	B-noun.location
,	PUNCT	O
MT	NOUN	B-noun.attribute
NUMBER	NUM	I-noun.attribute
)	PUNCT	O
NUMBER	NUM	B-noun.attribute
URL	X	O

NUMBER	NUM	B-noun.attribute
Indian	ADJ	O
fishermen	NOUN	B-noun.person
arrested	VERB	B-verb.contact
off	ADP	O
Sri	PROPN	B-noun.object
Lanka's	PROPN	I-noun.object
west	NOUN	I-noun.object
coast	NOUN	I-noun.object
-	PUNCT	O
Business	NOUN	B-noun.group
Standard	NOUN	B-noun.communication
URL	X	O

"	PUNCT	O
Neither	DET	O
party	NOUN	B-noun.group
gets	VERB	B-verb.possession
what's	AUX	O
coming	VERB	B-verb.motion
down	PART	O
the	DET	O
pike	NOUN	B-noun.artifact
"	PUNCT	O
--	PUNCT	O
Democrat	PROPN	B-noun.person
Michelle	PROPN	I-noun.person
Diggles	PROPN	I-noun.person
of	ADP	O
@USER	PROPN	B-noun.person
#Millennials	NOUN	B-noun.person
URL	X	O

Check	VERB	B-verb.cognition
out	PART	O
our	DET	O
new	ADJ	O
,	PUNCT	O
easy	ADJ	O
to	ADP	O
use	VERB	B-verb.consumption
,	PUNCT	O
video	NOUN	B-noun.location
submission	NOUN	I-noun.location
area	NOUN	I-noun.location
!	PUNCT	O
URL	PROPN	B-noun.person
#MaxIt	NOUN	I-noun.person
#indie	NOUN	I-noun.person
We	PRON	O
love	VERB	B-verb.emotion
getting	VERB	B-verb.possession
to	ADP	O
word	VERB	B-verb.communication
out	PART	O
about	ADP	O
ur	DET	O
#indies	NOUN	B-noun.person
!	PUNCT	O

Oh	X	O
stahp	VERB	O
it	PRON	O
,	PUNCT	O
you	PRON	O
URL	X	O

LIVE	VERB	B-verb.stative
:	PUNCT	O
Syria	PROPN	B-noun.location
:	PUNCT	O
UN	PROPN	B-noun.group
inspectors	NOUN	B-noun.person
attacked	VERB	B-verb.competition
by	ADP	O
snipers	NOUN	B-noun.person
-	X	O
latest	ADJ	O
news	NOUN	B-noun.communication
URL	X	O
via	ADP	O
@USER	PROPN	B-noun.person
